{"nodes":{"node:1":{"location":{"x":-164,"y":101}}},"selection":null,"view":{"scroll":{"x":-226.595367431640625,"y":-85.6738662719726562},"visible_rect":{"max":{"x":3141.197265625,"y":2294.4169921875},"min":{"x":-1213.8046875,"y":-458.9296875}},"zoom":0.186681896448135376}}